9/12/19,1234.25,1725908
9/11/19,1220.17,1307033
9/10/19,1206,1260115
9/9/19,1204.41,1471880
9/6/19,1204.93,1072143
9/5/19,1211.38,1408601
9/4/19,1181.41,1068968
9/3/19,1168.39,1480420
8/30/19,1188.1,1129959
8/29/19,1192.85,1088858
8/28/19,1171.02,802243
8/27/19,1167.84,1077452
8/26/19,1168.89,1226441
8/23/19,1151.29,1688271
8/22/19,1189.53,947906
8/21/19,1191.25,741053
8/20/19,1182.69,915605
8/19/19,1198.45,1232517
8/16/19,1177.6,1349436
8/15/19,1167.26,1224739
8/14/19,1164.29,1578668
8/13/19,1197.27,1318009
8/12/19,1174.71,1003187
8/9/19,1188.01,1065658
8/8/19,1204.8,1467997
8/7/19,1173.99,1444324
8/6/19,1169.95,1709374
8/5/19,1152.32,2597455
8/2/19,1193.99,1645067
8/1/19,1209.01,1698510
7/31/19,1216.68,1725454
7/30/19,1225.14,1453263
7/29/19,1239.41,2223731
7/26/19,1250.41,4805752
7/25/19,1132.12,2209823
7/24/19,1137.81,1590101
7/23/19,1146.21,1093688
7/22/19,1138.07,1301846
7/19/19,1130.1,1647245
7/18/19,1146.33,1291281
7/17/19,1146.35,1170047
7/16/19,1153.58,1238807
7/15/19,1150.34,903780
7/12/19,1144.9,863973
7/11/19,1144.21,1195569
7/10/19,1140.48,1209466
7/9/19,1124.83,1330370
7/8/19,1116.35,1236419
7/5/19,1131.59,1264540
7/3/19,1121.58,767011
7/2/19,1111.25,991755
7/1/19,1097.95,1438504
6/28/19,1080.91,1693450
6/27/19,1076.01,1004477
6/26/19,1079.8,1810869
6/25/19,1086.35,1546913
6/24/19,1115.52,1395696
6/21/19,1121.88,1947591
6/20/19,1111.42,1262011
6/19/19,1102.33,1339218
6/18/19,1103.6,1386684
6/17/19,1092.5,941602
6/14/19,1085.35,1111643
6/13/19,1088.77,1058000
6/12/19,1077.03,1061255
6/11/19,1078.72,1437063
6/10/19,1080.38,1464248
6/7/19,1066.04,1802370
6/6/19,1044.34,1703244
6/5/19,1042.22,2168439
6/4/19,1053.05,2833483
6/3/19,1036.23,5130576
5/31/19,1103.63,1508203
5/30/19,1117.95,951873
5/29/19,1116.46,1538212
5/28/19,1134.15,1365166
5/24/19,1133.47,1112341
5/23/19,1140.77,1199300
5/22/19,1151.42,914839
5/21/19,1149.63,1160158
5/20/19,1138.85,1353292
5/17/19,1162.3,1208623
5/16/19,1178.98,1531404
5/15/19,1164.21,2289302
5/14/19,1120.44,1836604
5/13/19,1132.03,1860648
5/10/19,1164.27,1314546
5/9/19,1162.38,1185973
5/8/19,1166.27,1309514
5/7/19,1174.1,1551368
5/6/19,1189.39,1563943
5/3/19,1185.4,1980653
5/2/19,1162.61,1944817
5/1/19,1168.08,2642983
4/30/19,1188.48,6194691
4/29/19,1287.58,2412788
4/26/19,1272.18,1228276
4/25/19,1263.45,1099614
4/24/19,1256,1015006
4/23/19,1264.55,1271195
4/22/19,1248.84,806577
4/18/19,1236.37,1315676
4/17/19,1236.34,1211866
4/16/19,1227.13,855258
4/15/19,1221.1,1187353
4/12/19,1217.87,926799
4/11/19,1204.62,709417
4/10/19,1202.16,724524
4/9/19,1197.25,865416
4/8/19,1203.84,859969
4/5/19,1207.15,900950
4/4/19,1215,949962
4/3/19,1205.92,1014195
4/2/19,1200.49,800820
4/1/19,1194.43,1188235
3/29/19,1173.31,1269573
3/28/19,1168.49,966843
3/27/19,1173.02,1362217
3/26/19,1184.62,1894639
3/25/19,1193,1493841
3/22/19,1205.5,1668910
3/21/19,1231.54,1195899
3/20/19,1223.97,2089367
3/19/19,1198.85,1404863
3/18/19,1184.26,1212506
3/15/19,1184.46,2457597
3/14/19,1185.55,1150950
3/13/19,1193.32,1434816
3/12/19,1193.2,2012306
3/11/19,1175.76,1569332
3/8/19,1142.32,1212271
3/7/19,1143.3,1166076
3/6/19,1157.86,1094100
3/5/19,1162.03,1422357
3/4/19,1147.8,1444774
3/1/19,1140.99,1447454
2/28/19,1119.92,1541068
2/27/19,1116.05,968362
2/26/19,1115.13,1469761
2/25/19,1109.4,1395281
2/22/19,1110.37,1048361
2/21/19,1096.97,1414744
2/20/19,1113.8,1080144
2/19/19,1118.56,1046315
2/15/19,1113.65,1442461
2/14/19,1121.67,941678
2/13/19,1120.16,1048630
2/12/19,1121.37,1608658
2/11/19,1095.01,1063825
2/8/19,1095.06,1072031
2/7/19,1098.71,2040615
2/6/19,1115.23,2101674
2/5/19,1145.99,3529974
2/4/19,1132.8,2518184
2/1/19,1110.75,1455609
1/31/19,1116.37,1531463
1/30/19,1089.06,1241760
1/29/19,1060.62,1006731
1/28/19,1070.08,1277745
1/25/19,1090.99,1114785
1/24/19,1073.9,1317718
1/23/19,1075.57,956526
1/22/19,1070.52,1607398
1/18/19,1098.26,1933754
1/17/19,1089.9,1223674
1/16/19,1080.97,1320530
1/15/19,1077.15,1452238
1/14/19,1044.69,1127417
1/11/19,1057.19,1512651
1/10/19,1070.33,1444976
1/9/19,1074.66,1198369
1/8/19,1076.28,1748371
1/7/19,1068.39,1978077
1/4/19,1070.71,2080144
1/3/19,1016.06,1829379
1/2/19,1045.85,1516681
12/31/18,1035.61,1492541
12/28/18,1037.08,1399218
12/27/18,1043.88,2102069
12/26/18,1039.46,2337212
12/24/18,976.22,1590328
12/21/18,979.54,4560424
12/20/18,1009.41,2659047
12/19/18,1023.01,2419322
12/18/18,1028.71,2101854
12/17/18,1016.53,2337631
12/14/18,1042.1,1685802
12/13/18,1061.9,1329198
12/12/18,1063.68,1523276
12/11/18,1051.75,1354751
12/10/18,1039.55,1793465
12/7/18,1036.58,2098526
12/6/18,1068.73,2758098
12/4/18,1050.82,2278200
12/3/18,1106.43,1900355
11/30/18,1094.43,2554416
11/29/18,1088.3,1403540
11/28/18,1086.23,2399374
11/27/18,1044.41,1801334
11/26/18,1048.62,1846430
11/23/18,1023.88,691462
11/21/18,1037.61,1531676
11/20/18,1025.76,2447254
11/19/18,1020,1837207
11/16/18,1061.49,1641232
11/15/18,1064.71,1819132
11/14/18,1043.66,1561656
11/13/18,1036.05,1496534
11/12/18,1038.63,1429319
11/9/18,1066.15,1343154
11/8/18,1082.4,1463022
11/7/18,1093.39,2057155
11/6/18,1055.81,1225197
11/5/18,1040.09,2436742
11/2/18,1057.79,1829295
11/1/18,1070,1456222
10/31/18,1076.77,2528584
10/30/18,1036.21,3209126
10/29/18,1020.08,3873644
10/26/18,1071.47,4185201
10/25/18,1095.57,2511884
10/24/18,1050.71,1910060
10/23/18,1103.69,1847798
10/22/18,1101.16,1494285
10/19/18,1096.46,1264605
10/18/18,1087.97,2056606
10/17/18,1115.69,1397613
10/16/18,1121.28,1845491
10/15/18,1092.25,1343231
10/12/18,1110.08,2029872
10/11/18,1079.32,2939514
10/10/18,1081.22,2574985
10/9/18,1138.82,1308706
10/8/18,1148.97,1877142
10/5/18,1157.35,1184245
10/4/18,1168.19,2151762
10/3/18,1202.95,1207280
10/2/18,1200.11,1655602
10/1/18,1195.31,1345250
9/28/18,1193.47,1306822
9/27/18,1194.64,1244278
9/26/18,1180.49,1346434
9/25/18,1184.65,937577
9/24/18,1173.37,1218532
9/21/18,1166.09,4363929
9/20/18,1186.87,1209855
9/19/18,1171.09,1185321
9/18/18,1161.22,1184407
9/17/18,1156.05,1279147
9/14/18,1172.53,934300
9/13/18,1175.33,1402005
9/12/18,1162.82,1291304
9/11/18,1177.36,1209171
9/10/18,1164.64,1115259
9/7/18,1164.83,1401034
9/6/18,1171.44,1886690
9/5/18,1186.48,2043732
9/4/18,1197,1800509
8/31/18,1218.19,1812366
8/30/18,1239.12,1320261
8/29/18,1249.3,1295939
8/28/18,1231.15,1296532
8/27/18,1241.82,1154962
8/24/18,1220.65,946529
8/23/18,1205.38,988509
8/22/18,1207.33,881463
8/21/18,1201.62,1187884
8/20/18,1207.77,864462
8/17/18,1200.96,1381724
8/16/18,1206.49,1319985
8/15/18,1214.38,1815642
8/14/18,1242.1,1342534
8/13/18,1235.01,957153
8/10/18,1237.61,1107323
8/9/18,1249.1,805227
8/8/18,1245.61,1369650
8/7/18,1242.22,1493073
8/6/18,1224.77,1080923
8/3/18,1223.71,1072524
8/2/18,1226.15,1520488
8/1/18,1220.01,1567142
7/31/18,1217.26,1632823
7/30/18,1219.74,1822782
7/27/18,1238.5,2115802
7/26/18,1268.33,2334881
7/25/18,1263.7,2115890
7/24/18,1248.08,3303268
7/23/18,1205.5,2584034
7/20/18,1184.91,1246898
7/19/18,1186.96,1256113
7/18/18,1195.88,1391232
7/17/18,1198.8,1585091
7/16/18,1183.86,1049560
7/13/18,1188.82,1221687
7/12/18,1183.48,1251083
7/11/18,1153.9,1094301
7/10/18,1152.84,789249
7/9/18,1154.05,906073
7/6/18,1140.17,966155
7/5/18,1124.27,1060752
7/3/18,1102.89,679034
7/2/18,1127.46,1188616
6/29/18,1115.65,1275979
6/28/18,1114.22,1072438
6/27/18,1103.98,1287698
6/26/18,1118.46,1559791
6/25/18,1124.81,2155276
6/22/18,1155.48,1310164
6/21/18,1157.66,1232352
6/20/18,1169.84,1648248
6/19/18,1168.06,1616125
6/18/18,1173.46,1400641
6/15/18,1152.26,2119134
6/14/18,1152.12,1350085
6/13/18,1134.79,1490017
6/12/18,1139.32,899231
6/11/18,1129.99,1071114
6/8/18,1120.87,1289859
6/7/18,1123.86,1519860
6/6/18,1136.88,1697489
6/5/18,1139.66,1538169
6/4/18,1139.29,1881046
6/1/18,1119.5,2416755
5/31/18,1084.99,3085325
5/30/18,1067.8,1129958
5/29/18,1060.32,1858676
5/25/18,1075.66,878903
5/24/18,1079.24,757752
5/23/18,1079.69,1057712
5/22/18,1069.73,1088700
5/21/18,1079.58,1012258
5/18/18,1066.36,1496448
5/17/18,1078.59,1031190
5/16/18,1081.77,989819
5/15/18,1079.23,1494306
5/14/18,1100.2,1450140
5/11/18,1098.26,1253205
5/10/18,1097.57,1441456
5/9/18,1082.76,2032319
5/8/18,1053.91,1217260
5/7/18,1054.79,1464008
5/4/18,1048.21,1936797
5/3/18,1023.72,1813623
5/2/18,1024.38,1534094
5/1/18,1037.31,1427171
4/30/18,1017.33,1664084
4/27/18,1030.05,1617452
4/26/18,1040.04,1984448
4/25/18,1021.18,2225495
4/24/18,1019.98,4750851
4/23/18,1067.45,2278846
4/20/18,1072.96,1887698
4/19/18,1087.7,1741907
4/18/18,1072.08,1336678
4/17/18,1074.16,2311903
4/16/18,1037.98,1194144
4/13/18,1029.27,1175754
4/12/18,1032.51,1357599
4/11/18,1019.97,1476133
4/10/18,1031.64,1983510
4/9/18,1015.45,1738682
4/6/18,1007.04,1740896
4/5/18,1027.81,1345681
4/4/18,1025.14,2464418
4/3/18,1013.41,2271858
4/2/18,1006.47,2679214
3/29/18,1031.79,2714402
3/28/18,1004.56,3345046
3/27/18,1005.1,3081612
3/26/18,1053.21,2593808
3/23/18,1021.57,2147097
3/22/18,1049.08,2584639
3/21/18,1090.88,1878294
3/20/18,1097.71,1802209
3/19/18,1099.82,2355186
3/16/18,1135.73,2614871
3/15/18,1149.58,1397767
3/14/18,1149.49,1290638
3/13/18,1138.17,1874176
3/12/18,1164.5,2106548
3/9/18,1160.04,2121425
3/8/18,1126,1393529
3/7/18,1109.64,1277439
3/6/18,1095.06,1497087
3/5/18,1090.93,1141932
3/2/18,1078.92,2271394
3/1/18,1069.52,2511872
2/28/18,1104.73,1873737
2/27/18,1118.29,1772866
2/26/18,1143.75,1514920
2/23/18,1126.79,1190432
2/22/18,1106.63,1309536
2/21/18,1111.34,1507152
2/20/18,1102.46,1389491
2/16/18,1094.8,1680283
2/15/18,1089.52,1785552
2/14/18,1069.7,1547665
2/13/18,1052.1,1213800
2/12/18,1051.94,2054002
2/9/18,1037.78,3503970
2/8/18,1001.52,2809890
2/7/18,1048.58,2353003
2/6/18,1080.6,3432313
2/5/18,1055.8,3769453
2/2/18,1111.9,4837979
2/1/18,1167.7,2380221
1/31/18,1169.94,1523820
1/30/18,1163.69,1541771
1/29/18,1175.58,1337324
1/26/18,1175.84,1981173
1/25/18,1170.37,1461518
1/24/18,1164.24,1382904
1/23/18,1169.97,1309862
1/22/18,1155.81,1616120
1/19/18,1137.51,1390118
1/18/18,1129.79,1194943
1/17/18,1131.98,1200476
1/16/18,1121.76,1566662
1/12/18,1122.26,1718491
1/11/18,1105.52,977727
1/10/18,1102.61,1042273
1/9/18,1106.26,900089
1/8/18,1106.94,1046767
1/5/18,1102.23,1279990
1/4/18,1086.4,1002945
1/3/18,1082.48,1429757
1/2/18,1065,1236401
12/29/17,1046.4,886845
12/28/17,1048.14,833011
12/27/17,1049.37,1271780
12/26/17,1056.74,761097
12/22/17,1060.12,755089
12/21/17,1063.63,986548
12/20/17,1064.95,1268285
12/19/17,1070.68,1307894
12/18/17,1077.14,1552016
12/15/17,1064.19,3275091
12/14/17,1049.15,1558684
12/13/17,1040.61,1220364
12/12/17,1040.48,1279511
12/11/17,1041.1,1190527
12/8/17,1037.05,1288419
12/7/17,1030.93,1458145
12/6/17,1018.38,1258496
12/5/17,1005.15,2066247
12/4/17,998.68,1906058
12/1/17,1010.17,1908962
11/30/17,1021.41,1723003
11/29/17,1021.66,2442974
11/28/17,1047.41,1421027
11/27/17,1054.21,1307471
11/24/17,1040.61,536996
11/22/17,1035.96,746351
11/21/17,1034.49,1096161
11/20/17,1018.38,898389
11/17/17,1019.09,1366936
11/16/17,1032.5,1129424
11/15/17,1020.91,847932
11/14/17,1026,958708
11/13/17,1025.75,885565
11/10/17,1028.07,720674
11/9/17,1031.26,1244701
11/8/17,1039.85,1088395
11/7/17,1033.33,1112123
11/6/17,1025.9,1124757
11/3/17,1032.48,1075134
11/2/17,1025.58,1048584
11/1/17,1025.5,1371619
10/31/17,1016.64,1331265
10/30/17,1017.11,2083490
10/27/17,1019.27,5165922
10/26/17,972.56,2027218
10/25/17,973.33,1210368
10/24/17,970.54,1206074
10/23/17,968.45,1471544
10/20/17,988.2,1176177
10/19/17,984.45,1312706
10/18/17,992.81,1057285
10/17/17,992.18,1290152
10/16/17,992,910246
10/13/17,989.68,1169584
10/12/17,987.83,1278357
10/11/17,989.25,1692843
10/10/17,972.6,968113
10/9/17,977,890620
10/6/17,978.89,1146207
10/5/17,969.96,1210427
10/4/17,951.68,951766
10/3/17,957.79,888303
10/2/17,953.27,1282850
9/29/17,959.11,1576365
9/28/17,949.5,997036
9/27/17,944.49,2237538
9/26/17,924.86,1666749
9/25/17,920.97,1855742
9/22/17,928.53,1052170
9/21/17,932.45,1227059
9/20/17,931.58,1535626
9/19/17,921.81,912967
9/18/17,915,1300759
9/15/17,920.29,2499466
9/14/17,925.11,1395497
9/13/17,935.09,1101145
9/12/17,932.07,1133638
9/11/17,929.08,1266020
9/8/17,926.5,997699
9/7/17,935.95,1211472
9/6/17,927.81,1526209
9/5/17,928.45,1346791
9/1/17,937.34,943657
8/31/17,939.33,1566888
8/30/17,929.57,1300616
8/29/17,921.29,1181391
8/28/17,913.81,1085014
8/25/17,915.89,1052764
8/24/17,921.28,1266191
8/23/17,927,1088575
8/22/17,924.69,1166320
8/21/17,906.66,942328
8/18/17,910.67,1341990
8/17/17,910.98,1241782
8/16/17,926.96,1005261
8/15/17,922.22,882479
8/14/17,922.67,1063404
8/11/17,914.39,1205652
8/10/17,907.24,1755521
8/9/17,922.9,1191332
8/8/17,926.79,1057351
8/7/17,929.36,1031710
8/4/17,927.96,1081814
8/3/17,923.65,1201519
8/2/17,930.39,1822272
8/1/17,930.83,1234612
7/31/17,930.5,1964748
7/28/17,941.53,1802343
7/27/17,934.09,3128819
7/26/17,947.8,2069349
7/25/17,950.7,4656609
7/24/17,980.34,3205374
7/21/17,972.92,1697190
7/20/17,968.15,1620636
7/19/17,970.89,1221155
7/18/17,965.4,1152741
7/17/17,953.42,1164141
7/14/17,955.99,1052855
7/13/17,947.16,1294674
7/12/17,943.83,1517168
7/11/17,930.09,1112417
7/10/17,928.8,1190237
7/7/17,918.59,1590456
7/6/17,906.69,1424290
7/5/17,911.71,1813309
7/3/17,898.7,1710373
6/30/17,908.73,2086340
6/29/17,917.79,3287991
6/28/17,940.49,2719213
6/27/17,927.33,2566047
6/26/17,952.27,1596664
6/23/17,965.59,1527513
6/22/17,957.09,941639
6/21/17,959.45,1201971
6/20/17,950.63,1125520
6/19/17,957.37,1520715
6/16/17,939.78,3061794
6/15/17,942.31,2065271
6/14/17,950.76,1487378
6/13/17,953.4,2012980
6/12/17,942.9,3762434
6/9/17,949.83,3305545
6/8/17,983.41,1477151
6/7/17,981.08,1447172
6/6/17,976.57,1814323
6/5/17,983.68,1251903
6/2/17,975.6,1750723
6/1/17,966.95,1408958
5/31/17,964.86,2447176
5/30/17,975.88,1466288
5/26/17,971.47,1251425
5/25/17,969.54,1659422
5/24/17,954.96,1031408
5/23/17,948.82,1269438
5/22/17,941.86,1118456
5/19/17,934.01,1389848
5/18/17,930.24,1596058
5/17/17,919.62,2357922
5/16/17,943,968288
5/15/17,937.08,1104595
5/12/17,932.22,1050377
5/11/17,930.6,834997
5/10/17,928.78,1173887
5/9/17,932.17,1581236
5/8/17,934.3,1328885
5/5/17,927.13,1910317
5/4/17,931.66,1421938
5/3/17,927.04,1497565
5/2/17,916.44,1543696
5/1/17,912.57,2114629
4/28/17,905.96,3223850
4/27/17,874.25,2009509
4/26/17,871.73,1233724
4/25/17,872.3,1670095
4/24/17,862.76,1371722
4/21/17,843.19,1323364
4/20/17,841.65,957994
4/19/17,838.21,954324
4/18/17,836.82,835433
4/17/17,837.17,894540
4/13/17,823.56,1118221
4/12/17,824.32,900059
4/11/17,823.35,1078951
4/10/17,824.73,978825
4/7/17,824.67,1056692
4/6/17,827.88,1254235
4/5/17,831.41,1553163
4/4/17,834.57,1044455
4/3/17,838.55,1670349
3/31/17,829.56,1401756
3/30/17,831.5,1055263
3/29/17,831.41,1785006
3/28/17,820.92,1620532
3/27/17,819.51,1894735
3/24/17,814.43,1980415
3/23/17,817.58,3485390
3/22/17,829.59,1399409
3/21/17,830.46,2461375
3/20/17,848.4,1217560
3/17/17,852.12,1712397
3/16/17,848.78,977384
3/15/17,847.2,1381328
3/14/17,845.62,779920
3/13/17,845.54,1149928
3/10/17,843.25,1702731
3/9/17,838.68,1261393
3/8/17,835.37,988900
3/7/17,831.91,1037573
3/6/17,827.78,1108799
3/3/17,829.08,890640
3/2/17,830.63,937824
3/1/17,835.24,1495934
2/28/17,823.21,2258695
2/27/17,829.28,1101120
2/24/17,828.64,1392039
2/23/17,831.33,1471342
2/22/17,830.76,983058
2/21/17,831.66,1259841
2/17/17,828.07,1602549
2/16/17,824.16,1285919
2/15/17,818.98,1311316
2/14/17,820.45,1054472
2/13/17,819.24,1205835
2/10/17,813.67,1134701
2/9/17,809.56,990260
2/8/17,808.38,1155892
2/7/17,806.97,1240257
2/6/17,801.34,1182882
2/3/17,801.49,1461217
2/2/17,798.53,1530827
2/1/17,795.695,2027708
1/31/17,796.79,2153957
1/30/17,802.32,3243568
1/27/17,823.31,2964989
1/26/17,832.15,2944642
1/25/17,835.67,1612854
1/24/17,823.87,1472228
1/23/17,819.31,1962506
1/20/17,805.02,1668638
1/19/17,802.175,917085
1/18/17,806.07,1293893
1/17/17,804.61,1361935
1/13/17,807.88,1098154
1/12/17,806.36,1352872
1/11/17,807.91,1065360
1/10/17,804.79,1176637
1/9/17,806.65,1274318
1/6/17,806.15,1639246
1/5/17,794.02,1334028
1/4/17,786.9,1071198
1/3/17,786.14,1657291
12/30/16,771.82,1769809
12/29/16,782.79,743808
12/28/16,785.05,1142148
12/27/16,791.55,789151
12/23/16,789.91,623682
12/22/16,791.26,972147
12/21/16,794.56,1208770
12/20/16,796.42,950345
12/19/16,794.2,1231966
12/16/16,790.8,2435100
12/15/16,797.85,1623709
12/14/16,797.07,1700875
12/13/16,796.1,2122735
12/12/16,789.27,2102288
12/9/16,789.29,1821146
12/8/16,776.42,1487517
12/7/16,771.19,1757710
12/6/16,759.11,1690365
12/5/16,762.52,1393566
12/2/16,750.5,1452181
12/1/16,747.92,3017001
11/30/16,758.04,2386628
11/29/16,770.84,1616427
11/28/16,768.24,2177039
11/25/16,761.68,587421
11/23/16,760.99,1477501
11/22/16,768.27,1592372
11/21/16,769.2,1324431
11/18/16,760.54,1528555
11/17/16,771.23,1298484
11/16/16,764.48,1468196
11/15/16,758.49,2375056
11/14/16,736.08,3644965
11/11/16,754.02,2421889
11/10/16,762.56,4733916
11/9/16,785.31,2603860
11/8/16,790.51,1361472
11/7/16,782.52,1574426
11/4/16,762.02,2131948
11/3/16,762.13,1933937
11/2/16,768.7,1905814
11/1/16,783.61,2404898
10/31/16,784.54,2420892
10/28/16,795.37,4261912
10/27/16,795.35,2723097
10/26/16,799.07,1645403
10/25/16,807.67,1575020
10/24/16,813.11,1693162
10/21/16,799.37,1262042
10/20/16,796.97,1755546
10/19/16,801.56,1762990
10/18/16,795.26,2046338
10/17/16,779.96,1091524
10/14/16,778.53,851512
10/13/16,778.19,1360619
10/12/16,786.14,935138
10/11/16,783.07,1371461
10/10/16,785.94,1161410
10/7/16,775.08,932444
10/6/16,776.86,1066910
10/5/16,776.47,1457661
10/4/16,776.43,1198361
10/3/16,772.56,1276614
9/30/16,777.29,1583293
9/29/16,775.01,1310252
9/28/16,781.56,1108249
9/27/16,783.01,1152760
9/26/16,774.21,1531788
9/23/16,786.9,1411439
9/22/16,787.21,1483899
9/21/16,776.22,1166290
9/20/16,771.41,975434
9/19/16,765.7,1171969
9/16/16,768.88,2047036
9/15/16,771.76,1344945
9/14/16,762.49,1093723
9/13/16,759.69,1394158
9/12/16,769.02,1310493
9/9/16,759.66,1879903
9/8/16,775.32,1268663
9/7/16,780.35,893874
9/6/16,780.08,1441864
9/2/16,771.46,1070725
9/1/16,768.78,925019
8/31/16,767.05,1247937
8/30/16,769.09,1129932
8/29/16,772.15,847537
8/26/16,769.54,1164713
8/25/16,769.41,926856
8/24/16,769.64,1071569
8/23/16,772.08,925356
8/22/16,772.15,950417
8/19/16,775.42,860899
8/18/16,777.5,718882
8/17/16,779.91,921666
8/16/16,777.14,1027836
8/15/16,782.44,938183
8/12/16,783.22,739761
8/11/16,784.85,971742
8/10/16,784.68,784559
8/9/16,784.26,1318457
8/8/16,781.76,1106693
8/5/16,782.22,1799478
8/4/16,771.61,1139972
8/3/16,773.18,1283186
8/2/16,771.07,1782822
8/1/16,772.88,2697699
7/29/16,768.79,3830103
7/28/16,745.91,3473040
7/27/16,741.77,1509133
7/26/16,738.42,1182993
7/25/16,739.77,1031643
7/22/16,742.74,1256741
7/21/16,738.63,1022229
7/20/16,741.19,1283931
7/19/16,736.96,1225467
7/18/16,733.78,1284740
7/15/16,719.85,1277514
7/14/16,720.95,949456
7/13/16,716.98,933352
7/12/16,720.64,1336112
7/11/16,715.09,1107039
7/8/16,705.63,1573909
7/7/16,695.36,1303661
7/6/16,697.77,1411080
7/5/16,694.49,1462879
7/1/16,699.21,1344387
6/30/16,692.1,1597298
6/29/16,684.11,1931436
6/28/16,680.04,2169704
6/27/16,668.26,2632011
6/24/16,675.22,4442943
6/23/16,701.87,2166183
6/22/16,697.46,1182161
6/21/16,695.94,1464836
6/20/16,693.71,2080645
6/17/16,691.72,3397720
6/16/16,710.36,1981657
6/15/16,718.92,1213386
6/14/16,718.27,1303808
6/13/16,718.36,1255199
6/10/16,719.41,1213989
6/9/16,728.58,987635
6/8/16,728.28,1583325
6/7/16,716.65,1336348
6/6/16,716.55,1565955
6/3/16,722.34,1225924
6/2/16,730.4,1340664
6/1/16,734.15,1251468
5/31/16,735.72,2128358
5/27/16,732.66,1974425
5/26/16,724.12,1573635
5/25/16,725.27,1629790
5/24/16,720.09,1926828
5/23/16,704.24,1326386
5/20/16,709.74,1825830
5/19/16,700.32,1668887
5/18/16,706.63,1765632
5/17/16,706.23,1999883
5/16/16,716.49,1316719
5/13/16,710.83,1307559
5/12/16,713.31,1361170
5/11/16,715.29,1690862
5/10/16,723.18,1568621
5/9/16,712.9,1509892
5/6/16,711.12,1828508
5/5/16,701.43,1680220
5/4/16,695.7,1692757
5/3/16,692.36,1541297
5/2/16,698.21,1645013
4/29/16,693.01,2486584
4/28/16,691.02,2859790
4/27/16,705.84,3094905
4/26/16,708.14,2739133
4/25/16,723.15,1956956
4/22/16,718.77,5949699
4/21/16,759.14,2995094
4/20/16,752.67,1526776
4/19/16,753.93,2027962
4/18/16,766.61,1557199
4/15/16,759,1807062
4/14/16,753.2,1134056
4/13/16,751.72,1707397
4/12/16,743.09,1349780
4/11/16,736.1,1218789
4/8/16,739.15,1289869
4/7/16,740.28,1452369
4/6/16,745.69,1052171
4/5/16,737.8,1130817
4/4/16,745.29,1134214
4/1/16,749.91,1576240
3/31/16,744.95,1718638
3/30/16,750.53,1782278
3/29/16,744.77,1902254
3/28/16,733.53,1300817
3/24/16,735.3,1570474
3/23/16,738.06,1431130
3/22/16,740.75,1269263
3/21/16,742.09,1835963
3/18/16,737.6,2982194
3/17/16,737.78,1859562
3/16/16,736.09,1621412
3/15/16,728.33,1720790
3/14/16,730.49,1717002
3/11/16,726.82,1968164
3/10/16,712.82,2830630
3/9/16,705.24,1419661
3/8/16,693.97,2075305
3/7/16,695.16,2986064
3/4/16,710.89,1971379
3/3/16,712.42,1956958
3/2/16,718.85,1629501
3/1/16,718.81,2148608
2/29/16,697.77,2478214
2/26/16,705.07,2241785
2/25/16,705.75,1640430
2/24/16,699.56,1961258
2/23/16,695.85,2006572
2/22/16,706.46,1949046
2/19/16,700.91,1585152
2/18/16,697.35,1880306
2/17/16,708.4,2490021
2/16/16,691,2517324
2/12/16,682.4,2138937
2/11/16,683.11,3021587
2/10/16,684.12,2629130
2/9/16,678.11,3605792
2/8/16,682.74,4241416
2/5/16,683.57,5098357
2/4/16,708.01,5157988
2/3/16,726.95,6166731
2/2/16,764.65,6340548
2/1/16,752,5065235
1/29/16,742.95,3464432
1/28/16,730.96,2664956
1/27/16,699.99,2175913
1/26/16,713.04,1329141
1/25/16,711.67,1709777
1/22/16,725.25,2009951
1/21/16,706.59,2411079
1/20/16,698.45,3441642
1/19/16,701.79,2264747
1/15/16,694.45,3604137
1/14/16,714.72,2225495
1/13/16,700.56,2497086
1/12/16,726.07,2010026
1/11/16,716.03,2089495
1/8/16,714.47,2449420
1/7/16,726.39,2960578
1/6/16,743.62,1943685
1/5/16,742.58,1949386
1/4/16,741.84,3271348
12/31/15,758.88,1500129
12/30/15,771,1293514
12/29/15,776.6,1764044
12/28/15,762.51,1515574
12/24/15,748.4,527223
12/23/15,750.31,1566723
12/22/15,750,1365420
12/21/15,747.77,1524535
12/18/15,739.31,3140906
12/17/15,749.43,1551087
12/16/15,758.09,1986319
12/15/15,743.4,2661199
12/14/15,747.77,2417778
12/11/15,738.87,2223284
12/10/15,749.46,1988035
12/9/15,751.61,2697978
12/8/15,762.37,1829004
12/7/15,763.25,1811336
12/4/15,766.81,2756194
12/3/15,752.54,2589641
12/2/15,762.38,2196721
12/1/15,767.04,2131827
11/30/15,742.6,2045584
11/27/15,750.26,838528
11/25/15,748.15,1122224
11/24/15,748.28,2333700
11/23/15,755.98,1414640
11/20/15,756.6,2212934
11/19/15,738.41,1327265
11/18/15,740,1683978
11/17/15,725.3,1507449
11/16/15,728.96,1904395
11/13/15,717,2072392
11/12/15,731.23,1836567
11/11/15,735.4,1366611
11/10/15,728.32,1606499
11/9/15,724.89,2068920
11/6/15,733.76,1510586
11/5/15,731.25,1861100
11/4/15,728.11,1705745
11/3/15,722.16,1565355
11/2/15,721.11,1885155
10/30/15,710.81,1907732
10/29/15,716.92,1455508
10/28/15,712.95,2178841
10/27/15,708.49,2232183
10/26/15,712.78,2709292
10/23/15,702,6651909
10/22/15,651.79,3994360
10/21/15,642.61,1792869
10/20/15,650.28,2498077
10/19/15,666.1,1465691
10/16/15,662.2,1610712
10/15/15,661.74,1832832
10/14/15,651.16,1413798
10/13/15,652.3,1806003
10/12/15,646.67,1275565
10/9/15,643.61,1648656
10/8/15,639.16,2181990
10/7/15,642.36,2092536
10/6/15,645.44,2235078
10/5/15,641.47,1802263
10/2/15,626.91,2681241
10/1/15,611.29,1866223
9/30/15,608.42,2412754
9/29/15,594.97,2310065
9/28/15,594.89,3118693
9/25/15,611.97,2173134
9/24/15,625.8,2238097
9/23/15,622.36,1470633
9/22/15,622.69,2561551
9/21/15,635.44,1786543
9/18/15,629.25,5123314
9/17/15,642.9,2259404
9/16/15,635.98,1276250
9/15/15,635.14,2082426
9/14/15,623.24,1701618
9/11/15,625.77,1372803
9/10/15,621.35,1903334
9/9/15,612.72,1699686
9/8/15,614.66,2277487
9/4/15,600.7,2087028
9/3/15,606.25,1757851
9/2/15,614.34,2573982
9/1/15,597.79,3699844
8/31/15,618.25,2172168
8/28/15,630.38,1975818
8/27/15,637.61,3485906
8/26/15,628.62,4187276
8/25/15,582.06,3521916
8/24/15,589.61,5727282
8/21/15,612.48,4261666
8/20/15,646.83,2854028
8/19/15,660.9,2132265
8/18/15,656.13,1455664
8/17/15,660.87,1050553
8/14/15,657.12,1071333
8/13/15,656.45,1807182
8/12/15,659.56,2938651
8/11/15,660.78,5016425
8/10/15,633.73,1653836
8/7/15,635.3,1403441
8/6/15,642.68,1572150
8/5/15,643.78,2331720
8/4/15,629.25,1486858
8/3/15,631.21,1301439
7/31/15,625.61,1705286
7/30/15,632.59,1472286
7/29/15,631.93,1573146
7/28/15,628,1713684
7/27/15,627.26,2673801
7/24/15,623.56,3622089
7/23/15,644.28,3014035
7/22/15,662.1,3707818
7/21/15,662.3,3363342
7/20/15,663.02,5857092
7/17/15,672.93,11153500
7/16/15,579.85,4559712
7/15/15,560.22,1782264
7/14/15,561.1,3231284
7/13/15,546.55,2204610
7/10/15,530.13,1954951
7/9/15,520.68,1840155
7/8/15,516.83,1293372
7/7/15,525.02,1595672
7/6/15,522.86,1278587
7/2/15,523.4,1235773
7/1/15,521.84,1961197
6/30/15,520.51,2234284
6/29/15,521.52,1935361
6/26/15,531.69,2108629
6/25/15,535.23,1332412
6/24/15,537.84,1286576
6/23/15,540.48,1196115
6/22/15,538.19,1243535
6/19/15,536.69,1890916
6/18/15,536.73,1832450
6/17/15,529.26,1269113
6/16/15,528.15,1071728
6/15/15,527.2,1632675
6/12/15,532.33,955489
6/11/15,534.61,1208632
6/10/15,536.69,1813775
6/9/15,526.69,1454172
6/8/15,526.83,1523960
6/5/15,533.33,1375008
6/4/15,536.7,1346044
6/3/15,540.31,1716836
6/2/15,539.18,1936721
6/1/15,533.99,1900257
5/29/15,532.11,2590445
5/28/15,539.78,1029764
5/27/15,539.79,1524783
5/26/15,532.32,2404462
5/22/15,540.11,1175065
5/21/15,542.51,1461431
5/20/15,539.27,1430565
5/19/15,537.36,1964037
5/18/15,532.3,2001117
5/15/15,533.85,1965088
5/14/15,538.4,1401005
5/13/15,529.62,1253005
5/12/15,529.04,1633180
5/11/15,535.7,904465
5/8/15,538.22,1527181
5/7/15,530.7,1543986
5/6/15,524.22,1566865
5/5/15,530.8,1380519
5/4/15,540.78,1303830
5/1/15,537.9,1758085
4/30/15,537.34,2080834
4/29/15,549.08,1696886
4/28/15,553.68,1490735
4/27/15,555.37,2390696
4/24/15,565.06,4916008
4/23/15,547,4129218
4/22/15,539.365,1582956
4/21/15,533.97,1838719
4/20/15,535.38,1674958
4/17/15,524.05,2143872
4/16/15,533.8,1293690
4/15/15,532.53,2305585
4/14/15,530.39,2590747
4/13/15,539.17,1640741
4/10/15,540.01,1405136
4/9/15,540.78,1551831
4/8/15,541.61,1171860
4/7/15,537.02,1299253
4/6/15,536.765,1317628
4/2/15,535.53,1709833
4/1/15,542.56,1951319
3/31/15,548,1583330
3/30/15,552.03,1283210
3/27/15,548.34,1890816
3/26/15,555.17,1565551
3/25/15,558.785,2144268
3/24/15,570.19,2573339
3/23/15,558.81,1639186
3/20/15,560.36,2607253
3/19/15,557.99,1192429
3/18/15,559.5,2125596
3/17/15,550.84,1800550
3/16/15,554.51,1636083
3/13/15,547.32,1697602
3/12/15,555.51,1385657
3/11/15,551.18,1815503
3/10/15,555.01,1785438
3/9/15,568.85,1059336
3/6/15,567.685,1647702
3/5/15,575.33,1385303
3/4/15,573.37,1869830
3/3/15,573.64,1696631
3/2/15,571.34,2121542
2/27/15,558.4,2402191
2/26/15,555.48,2303785
2/25/15,543.87,1820199
2/24/15,536.09,1002313
2/23/15,531.91,1453049
2/20/15,538.95,1441147
2/19/15,542.87,986623
2/18/15,539.7,1448453
2/17/15,542.84,1609871
2/13/15,549.01,1876720
2/12/15,542.93,1612310
2/11/15,535.97,1372342
2/10/15,536.94,1744529
2/9/15,527.83,1263243
2/6/15,531,1758422
2/5/15,527.58,1843714
2/4/15,522.76,1657900
2/3/15,529.24,2032952
2/2/15,528.48,2836638
1/30/15,534.52,5588904
1/29/15,510.66,4105168
1/28/15,510,1677083
1/27/15,518.63,1897347
1/26/15,535.21,1538786
1/23/15,539.95,2272098
1/22/15,534.39,2662154
1/21/15,518.04,2259477
1/20/15,506.9,2222805
1/16/15,508.08,2291530
1/15/15,501.79,2710022
1/14/15,500.87,2210623
1/13/15,496.18,2365612
1/12/15,492.55,2317278
1/9/15,496.17,2063743
1/8/15,502.68,3341935
1/7/15,501.1,2053750
1/6/15,501.96,2884479
1/5/15,513.87,2049303
1/2/15,524.81,1444809
12/31/14,526.4,1367110
12/30/14,530.42,873644
12/29/14,530.33,2275392
12/26/14,534.03,1037486
12/24/14,528.77,704035
12/23/14,530.59,2190993
12/22/14,524.87,2722210
12/19/14,516.35,3611980
12/18/14,511.1,2910920
12/17/14,504.89,2873600
12/16/14,495.39,3946450
12/15/14,513.8,2806300
12/12/14,518.66,1982666
12/11/14,528.34,1606381
12/10/14,526.06,1716284
12/9/14,533.37,1866851
12/8/14,526.98,2324883
12/5/14,525.26,2555642
12/4/14,537.31,1389395
12/3/14,531.32,1278091
12/2/14,533.75,1521775
12/1/14,533.8,2106865
11/28/14,541.83,1145231
11/26/14,540.37,1518835
11/25/14,541.08,1782596
11/24/14,539.27,1699629
11/21/14,537.5,2217252
11/20/14,534.83,1557095
11/19/14,536.99,1382955
11/18/14,535.03,1954931
11/17/14,536.51,1720123
11/14/14,544.4,1284981
11/13/14,545.38,1334367
11/12/14,547.31,1124171
11/11/14,550.29,961011
11/10/14,547.49,1129377
11/7/14,541.01,1627870
11/6/14,542.04,1327323
11/5/14,545.92,2022352
11/4/14,554.11,1236913
11/3/14,555.22,1377090
10/31/14,559.08,2029446
10/30/14,550.31,1451532
10/29/14,549.33,1762805
10/28/14,548.9,1246198
10/27/14,540.77,1182069
10/24/14,539.78,1966151
10/23/14,543.98,2341998
10/22/14,532.71,2911235
10/21/14,526.54,2329510
10/20/14,520.84,2598754
10/17/14,511.17,5522919
10/16/14,524.51,3665434
10/15/14,530.03,3705634
10/14/14,537.94,2215425
10/13/14,533.21,2565034
10/10/14,544.49,3073334
10/9/14,560.88,2517847
10/8/14,572.5,1984777
10/7/14,563.74,1902424
10/6/14,577.35,1211113
10/3/14,575.28,1137616
10/2/14,570.08,1181177
10/1/14,568.27,1441527
9/30/14,577.36,1617320
9/29/14,576.36,1278274
9/26/14,577.1,1439687
9/25/14,575.06,1918179
9/24/14,587.99,1723438
9/23/14,581.13,1464386
9/22/14,587.37,1684861
9/19/14,596.08,3724109
9/18/14,589.27,1438201
9/17/14,584.77,1687731
9/16/14,579.95,1475668
9/15/14,573.1,1593030
9/12/14,575.62,1594177